student_id,attendance_pct,internal_marks,assignment_score,study_hours_per_day,previous_sem_result,extra_classes,final_marks
2001,71.2,17.7,7.4,3.0,52.5,No,55.8
2002,73.6,11.0,7.5,3.6,51.2,Yes,49.8
2003,75.4,11.7,10.5,3.7,64.0,Yes,68.8
2004,94.9,20.3,14.9,4.8,54.5,,69.0
2005,,26.9,14.7,4.7,76.7,Yes,76.9
2006,75.3,17.1,15.9,5.1,67.3,Yes,71.8
2007,71.5,17.0,10.1,2.8,58.6,Yes,64.2
2008,53.8,17.1,8.2,3.5,58.5,No,60.7
2009,66.9,21.9,19.5,3.2,74.8,No,80.7
2010,90.9,24.8,13.1,6.3,76.3,Yes,85.5
2011,74.9,21.5,10.4,0.9,69.8,Yes,66.8
2012,81.3,13.8,15.3,2.7,51.4,Yes,70.7
2013,69.8,12.7,10.5,3.2,50.7,No,63.2
2014,84.3,27.7,20.0,5.2,82.0,Yes,84.5
2015,86.7,21.3,5.0,3.6,74.5,No,72.4
2016,68.3,12.3,11.5,3.8,40.4,Yes,52.7
2017,90.2,19.9,11.9,6.2,55.9,No,76.3
2018,59.8,5.5,9.5,1.8,45.1,Yes,42.0
2019,76.4,16.4,12.0,0.5,68.6,No,62.3
2020,79.4,16.3,2.5,1.7,58.9,No,61.0
2021,77.0,9.3,7.6,1.9,57.6,Yes,55.1
2022,90.0,26.6,14.8,,66.6,No,81.4
2023,85.2,18.9,20.0,3.4,59.7,Yes,69.9
2024,73.1,14.4,8.3,4.4,49.0,No,51.9
2025,73.8,18.6,20.0,3.3,69.9,No,67.3
2026,90.2,22.2,16.1,4.1,74.6,No,79.6
2027,67.0,11.5,11.1,2.3,38.7,No,46.7
2028,83.5,12.2,8.5,2.1,57.2,No,61.4
2029,82.8,13.0,11.5,2.3,51.5,No,55.1
2030,77.3,18.8,9.0,6.9,63.1,Yes,76.8
2031,60.7,14.8,5.2,2.3,53.3,Yes,55.4
2032,74.4,20.8,16.0,,70.8,Yes,67.7
2033,83.5,14.8,9.9,0.6,71.4,Yes,62.7
2034,72.7,15.0,9.8,4.6,67.3,No,66.0
2035,81.0,15.1,11.5,2.2,61.2,No,62.7
2036,74.7,14.7,8.6,2.3,55.2,No,55.8
2037,71.4,14.4,5.5,5.8,51.3,Yes,64.3
2038,63.0,10.2,9.4,4.3,57.2,No,59.2
2039,77.3,20.8,13.5,1.4,68.7,No,70.9
2040,80.0,13.9,13.9,2.1,54.0,No,55.6
2041,80.8,24.6,11.6,5.7,66.8,Yes,68.8
2042,78.1,21.1,16.0,5.1,62.9,No,75.1
2043,57.8,7.8,9.2,0.5,48.7,,41.1
2044,85.4,15.6,11.4,6.0,69.4,Yes,69.6
2045,56.4,13.9,8.8,5.0,52.5,No,55.8
2046,71.0,16.5,12.2,2.1,63.3,No,62.8
2047,85.1,13.9,9.0,1.2,56.8,No,48.9
2048,77.5,8.6,3.1,0.5,47.0,Yes,44.7
2049,73.3,19.7,13.6,4.2,67.8,No,75.2
2050,83.8,20.9,8.2,4.7,70.7,Yes,66.4
2051,64.5,24.4,11.5,4.5,74.9,No,72.5
2052,76.3,17.6,11.5,1.8,52.2,No,64.7
2053,83.6,20.1,12.2,3.9,66.9,No,73.1
2054,59.0,13.4,8.1,3.3,60.1,Yes,60.5
2055,58.6,14.0,7.0,1.6,70.2,No,56.9
2056,67.0,12.5,6.2,0.6,53.5,Yes,45.3
2057,87.6,28.9,11.4,4.5,80.9,Yes,84.3
2058,83.3,21.8,9.3,5.5,71.1,Yes,71.1
2059,92.1,29.9,20.0,5.7,86.4,Yes,94.3
2060,87.3,28.7,10.7,4.2,58.9,No,71.1
2061,87.9,27.4,7.1,3.3,71.6,Yes,70.8
2062,69.1,19.0,10.7,5.3,76.4,Yes,73.1
2063,69.4,18.8,12.6,0.8,51.7,No,62.3
2064,71.5,15.7,8.3,3.3,60.1,Yes,59.5
2065,93.8,26.7,15.2,3.8,62.1,Yes,79.2
2066,69.7,11.0,8.1,3.0,67.5,No,60.0
2067,86.7,16.2,7.1,2.4,69.4,No,64.5
2068,77.2,15.4,10.2,4.4,65.0,No,59.0
2069,100.0,26.8,10.3,3.9,69.7,Yes,76.5
2070,73.9,11.5,11.5,2.4,58.2,No,57.8
2071,75.6,21.0,13.6,4.0,63.1,Yes,71.4
2072,76.9,22.5,12.3,3.6,65.9,No,77.2
2073,,19.0,20.0,2.9,64.8,Yes,75.1
2074,93.2,17.3,6.5,2.0,56.2,Yes,57.6
2075,,29.7,18.2,5.2,74.6,No,87.2
2076,60.8,13.8,9.9,1.2,59.8,No,58.9
2077,67.5,12.6,13.1,2.2,45.7,Yes,58.0
2078,74.8,17.2,10.3,2.1,53.5,Yes,62.5
2079,73.4,24.5,7.5,4.6,71.5,No,65.9
2080,81.5,13.4,10.1,2.9,55.7,Yes,59.7
2081,77.5,15.0,12.6,5.5,43.4,Yes,64.9
2082,68.1,14.6,9.1,0.5,56.7,No,51.8
2083,76.7,16.5,8.9,4.6,64.3,No,62.9
2084,63.0,11.2,7.6,2.6,50.7,No,52.3
2085,66.3,11.2,9.7,3.9,54.6,No,52.7
2086,72.9,17.1,17.1,1.8,65.7,No,61.8
2087,80.4,15.0,7.0,4.1,53.1,Yes,59.6
2088,89.1,17.9,11.3,1.4,61.4,No,62.2
2089,73.8,11.5,9.0,4.3,68.9,No,64.3
2090,73.3,15.2,7.1,3.8,65.5,No,60.2
2091,59.0,18.5,10.1,3.4,60.1,No,56.7
2092,79.6,19.5,19.2,3.6,82.9,No,79.2
2093,76.3,15.3,12.7,2.0,59.3,No,56.9
2094,71.2,14.1,7.8,2.6,53.0,No,57.6
2095,66.4,5.7,7.1,1.0,45.5,Yes,41.9
2096,82.7,16.5,12.9,0.7,66.8,Yes,66.6
2097,75.0,9.6,10.5,0.8,55.4,No,52.3
2098,74.4,21.5,11.1,4.7,68.9,No,70.0
2099,87.9,14.1,9.7,4.1,66.2,Yes,60.9
2100,56.2,11.9,12.5,,58.7,No,55.6
2101,61.6,9.7,8.8,2.9,67.9,Yes,63.1
2102,66.5,11.1,12.8,3.5,56.1,Yes,59.7
2103,70.7,22.7,6.5,4.2,67.6,No,72.1
2104,67.0,14.1,8.5,3.5,58.7,Yes,59.8
2105,74.8,16.8,10.7,,62.9,Yes,63.8
2106,81.2,24.5,18.3,4.0,78.4,No,76.2
2107,78.6,15.4,10.1,2.3,67.0,Yes,65.2
2108,72.0,14.1,6.2,2.4,48.9,Yes,50.8
2109,86.8,17.4,17.0,3.6,78.3,No,70.4
2110,79.4,22.2,12.3,3.5,72.8,No,76.2
2111,62.1,12.0,7.3,4.4,63.1,No,53.2
2112,71.4,21.8,13.0,3.7,66.4,No,78.8
2113,73.6,19.0,9.0,4.7,69.3,No,67.5
2114,80.7,18.1,12.6,5.0,59.7,No,65.1
2115,75.7,11.7,,0.6,59.8,Yes,61.7
2116,79.9,15.9,11.8,0.8,67.3,No,57.1
2117,85.3,18.1,18.6,4.1,71.5,Yes,76.3
2118,92.6,21.8,18.2,,77.3,Yes,80.2
2119,66.9,15.9,12.5,3.9,62.6,Yes,69.0
2120,89.7,23.1,12.6,4.7,58.4,No,78.6
2121,94.1,27.0,20.0,4.3,87.6,No,89.3
2122,87.4,17.0,9.5,3.6,49.1,No,55.0
2123,82.9,21.8,,6.0,68.5,No,69.0
2124,77.2,10.7,15.0,4.5,62.4,Yes,62.6
2125,68.6,13.5,10.6,1.5,59.2,Yes,60.9
2126,71.4,17.0,8.6,2.5,64.9,No,61.3
2127,61.2,15.2,13.3,2.8,69.8,Yes,66.0
2128,76.5,14.6,19.0,5.9,75.7,No,72.8
2129,72.6,8.9,11.2,2.8,58.5,No,60.0
2130,85.3,24.3,13.4,2.6,67.8,Yes,69.7
2131,74.6,18.1,11.3,4.1,76.1,No,77.2
2132,79.1,19.7,11.5,4.4,60.8,Yes,74.0
2133,97.7,18.2,17.0,3.7,83.9,Yes,82.3
2134,74.1,21.1,13.1,4.0,66.0,No,69.6
2135,86.6,25.0,13.8,3.9,63.5,No,72.6
2136,82.3,20.9,20.0,5.9,91.4,Yes,87.1
2137,79.0,20.3,12.8,5.3,81.8,No,74.0
2138,81.0,16.2,17.3,,62.8,Yes,68.4
2139,88.3,15.1,12.1,3.5,69.0,No,62.9
2140,66.2,11.6,7.7,3.3,71.4,Yes,63.5
2141,65.0,16.7,9.0,2.1,62.2,No,59.0
2142,94.4,24.9,9.8,5.5,63.0,Yes,78.3
2143,81.6,24.4,15.5,4.5,68.2,Yes,75.1
2144,92.5,24.1,16.2,5.1,90.5,No,80.2
2145,84.3,13.0,16.4,0.5,68.4,No,58.2
2146,74.1,14.2,6.4,5.4,54.1,Yes,61.5
2147,85.5,25.8,19.4,7.0,90.6,Yes,87.7
2148,81.5,22.3,19.0,6.0,79.3,No,84.4
2149,,10.2,8.9,2.8,52.7,No,46.6
2150,86.0,23.0,15.2,,70.8,No,75.7
2151,72.1,24.1,4.8,7.3,67.6,Yes,75.2
2152,65.0,15.3,13.5,1.2,41.3,Yes,49.7
2153,90.3,20.2,10.8,4.2,60.5,Yes,61.8
2154,79.2,18.0,,3.9,68.7,Yes,74.9
2155,86.1,23.1,14.6,5.0,83.6,No,79.6
2156,59.3,14.8,11.2,3.4,57.4,No,55.6
2157,81.1,17.4,8.1,2.1,62.8,No,67.0
2158,88.0,18.1,13.7,4.2,65.9,No,78.1
2159,66.5,15.4,11.5,1.6,65.8,No,59.5
2160,74.4,11.7,8.8,5.2,49.3,Yes,59.5
2161,72.8,22.3,14.0,4.8,68.1,Yes,85.2
2162,81.2,21.2,9.5,3.3,84.3,No,70.3
2163,76.6,23.1,14.2,1.4,75.0,No,75.7
2164,56.2,13.8,8.5,3.0,51.9,No,57.0
2165,64.7,15.5,13.6,3.3,50.1,No,56.1
2166,62.4,20.1,14.7,2.4,55.9,Yes,61.0
2167,84.2,17.5,9.8,5.2,54.0,No,61.0
2168,81.6,17.6,9.7,3.4,66.7,No,65.5
2169,66.4,8.4,16.9,1.6,47.9,No,53.1
2170,90.3,21.6,14.0,3.3,80.2,Yes,88.1
2171,82.1,21.5,20.0,4.2,71.3,No,72.8
2172,72.0,19.2,12.4,2.6,54.7,No,62.7
2173,83.3,19.1,16.7,5.2,73.5,No,72.1
2174,,20.5,9.7,6.0,76.7,Yes,79.7
2175,60.3,15.4,8.6,1.7,37.3,No,50.3
2176,60.9,11.1,9.2,3.8,62.7,No,51.1
2177,64.9,14.7,8.4,5.1,68.8,Yes,63.3
2178,,19.3,15.5,4.9,68.6,No,72.1
2179,77.2,15.4,9.6,3.2,61.1,Yes,65.6
2180,71.4,15.1,13.2,4.2,68.6,Yes,69.8
2181,92.6,21.1,9.1,2.9,57.1,No,67.8
2182,85.6,26.1,18.5,5.7,80.6,No,85.3
2183,85.9,27.2,18.8,5.4,84.7,Yes,91.5
2184,76.8,10.8,8.2,1.8,60.6,No,54.2
2185,79.7,16.7,,3.6,54.4,No,62.9
2186,100.0,29.3,16.7,5.9,87.5,No,93.1
2187,,14.6,8.0,3.8,56.8,No,55.4
2188,67.5,18.2,8.8,1.4,53.3,No,56.1
2189,74.9,19.1,17.7,5.1,56.7,Yes,68.7
2190,88.3,19.9,14.5,5.5,59.7,Yes,73.2
2191,84.6,23.4,13.5,4.0,79.0,No,79.2
2192,85.6,17.4,12.0,3.8,60.2,Yes,67.8
2193,70.3,11.8,7.4,3.0,58.5,Yes,56.2
2194,93.3,15.9,14.1,4.0,73.4,No,68.2
2195,90.4,22.0,12.4,4.9,71.5,Yes,82.9
2196,97.4,23.5,14.6,4.2,82.9,No,80.7
2197,77.5,18.5,9.8,2.1,62.1,No,58.2
2198,54.0,16.1,7.4,2.2,52.1,No,51.1
2199,58.0,19.4,6.2,5.2,51.6,Yes,65.5
2200,87.8,22.7,15.9,4.2,73.1,No,84.8
2201,78.7,16.4,7.9,1.8,65.9,No,65.1
2202,40.0,9.9,8.3,0.7,39.5,Yes,41.6
2203,68.6,11.7,9.5,3.3,68.2,No,62.4
2204,86.4,16.6,13.6,5.1,67.6,No,63.4
2205,,30.0,13.2,3.6,74.6,No,84.3
2206,65.8,13.8,3.8,3.0,57.0,No,52.2
2207,85.9,26.1,9.7,4.4,77.8,No,78.3
2208,81.3,23.5,13.1,4.8,66.1,Yes,70.8
2209,70.1,20.6,11.4,3.2,53.4,No,64.4
2210,85.0,21.3,12.7,4.8,57.9,No,64.6
2211,96.9,25.8,18.0,5.9,83.5,No,80.7
2212,82.0,21.1,18.4,,84.2,No,85.4
2213,73.1,25.8,15.2,7.4,73.7,Yes,79.1
2214,66.8,21.5,14.2,2.0,64.7,,70.1
2215,70.6,24.1,14.2,2.8,73.7,No,70.6
2216,87.2,20.1,13.3,4.8,69.5,Yes,74.4
2217,92.2,15.2,11.5,3.7,69.6,No,66.8
2218,73.0,15.0,9.7,2.5,57.1,No,62.2
2219,85.6,18.0,12.6,,58.5,Yes,69.5
2220,69.8,13.1,18.7,4.4,67.3,No,63.6
2221,92.4,25.4,,5.2,94.2,Yes,86.4
2222,83.2,16.9,10.1,2.6,64.3,No,68.3
2223,86.7,16.3,14.4,3.2,86.4,Yes,80.5
2224,83.9,25.5,16.6,3.5,82.3,,78.7
2225,60.6,19.6,11.6,2.4,58.3,Yes,66.8
2226,70.6,22.5,19.9,6.0,71.9,Yes,81.0
2227,59.6,10.2,1.9,2.2,50.1,Yes,51.1
2228,,12.8,17.7,4.3,67.0,No,62.3
2229,80.8,22.0,10.4,3.5,78.0,No,75.7
2230,56.4,10.7,3.9,3.0,40.5,No,42.3
2231,67.5,14.9,10.9,0.6,48.7,No,47.2
2232,83.2,25.0,15.0,5.0,77.2,No,82.3
2233,79.3,16.8,11.4,4.2,70.5,No,69.7
2234,70.3,19.7,9.6,1.9,56.0,No,53.9
2235,69.3,17.8,12.3,1.9,55.9,No,50.5
2236,,18.2,13.6,3.8,58.3,Yes,66.1
2237,88.6,24.2,15.1,3.2,70.1,No,76.9
2238,77.2,17.5,9.5,2.7,70.8,No,62.3
2239,66.2,13.4,9.2,3.3,67.7,No,60.0
2240,63.5,17.7,14.5,1.5,68.6,No,61.8
2241,78.5,13.9,17.7,3.3,66.0,No,63.9
2242,89.2,21.5,18.2,7.2,76.6,No,84.3
2243,89.1,22.4,16.2,3.2,69.3,Yes,81.0
2244,,17.2,14.6,5.2,71.9,Yes,75.2
2245,87.5,14.4,17.9,2.0,61.8,No,63.2
2246,65.5,9.0,7.1,2.6,52.7,No,46.4
2247,70.0,12.0,9.3,2.6,58.4,No,55.9
2248,75.2,26.3,11.4,3.8,66.1,Yes,65.7
2249,81.5,20.1,17.0,4.6,69.3,No,74.3
2250,80.0,17.3,8.3,5.6,54.6,Yes,64.9
2251,66.3,5.6,9.6,2.1,44.4,No,44.7
2252,72.5,11.1,8.2,5.3,69.0,No,60.2
2253,60.7,13.1,6.8,3.7,59.6,No,54.6
2254,75.4,19.8,14.2,4.2,70.7,Yes,67.2
2255,71.3,20.2,13.4,2.7,64.6,Yes,70.9
2256,76.2,13.1,15.3,2.8,68.7,Yes,64.4
2257,72.5,13.8,13.4,3.5,64.6,Yes,64.6
2258,74.3,23.8,13.6,3.3,73.0,Yes,73.1
2259,78.0,22.4,13.2,4.3,79.0,Yes,71.5
2260,88.1,24.6,12.1,3.2,75.3,No,77.5
2261,89.4,23.2,13.0,4.2,77.3,No,75.8
2262,,13.5,,3.5,51.6,No,58.7
2263,78.7,18.1,11.5,5.8,65.9,Yes,72.9
2264,77.4,19.1,9.4,6.2,74.4,Yes,80.7
2265,73.2,20.5,10.6,3.9,64.0,Yes,68.6
2266,67.5,19.2,10.5,3.3,70.9,Yes,70.3
2267,90.8,16.8,11.6,5.2,82.0,No,81.2
2268,76.6,18.6,9.8,3.9,53.1,Yes,62.6
2269,78.3,16.4,5.4,1.9,42.8,No,56.4
2270,78.0,25.7,11.3,3.4,77.8,No,75.4
2271,77.4,17.0,16.7,1.2,71.6,Yes,72.4
2272,72.4,17.9,19.0,4.0,74.6,Yes,75.4
2273,70.3,15.7,9.2,5.0,51.1,Yes,65.3
2274,85.5,23.2,20.0,4.6,84.2,No,80.2
2275,86.5,22.5,12.6,4.6,75.0,No,73.6
2276,74.2,19.8,11.7,3.9,57.9,Yes,64.7
2277,79.7,16.1,15.1,3.9,47.8,Yes,62.7
2278,72.6,12.3,13.3,4.6,61.4,No,66.4
2279,80.4,18.8,14.1,0.8,56.2,Yes,65.1
2280,71.9,13.7,3.1,3.1,59.7,No,56.8
2281,65.7,8.7,10.1,3.1,48.2,No,49.3
2282,84.5,22.8,13.9,4.4,73.7,No,76.0
2283,79.2,18.2,11.6,5.1,67.1,Yes,72.7
2284,64.3,17.9,7.7,3.1,66.6,Yes,64.9
2285,63.5,20.2,10.0,4.8,66.2,Yes,66.8
2286,63.7,2.6,7.9,3.9,50.1,No,44.0
2287,78.9,21.8,15.1,3.6,68.4,No,67.9
2288,56.5,21.6,,3.3,60.2,No,68.4
2289,59.6,16.5,13.9,2.9,68.9,No,68.1
2290,69.9,16.6,15.5,4.6,60.6,No,73.8
2291,73.2,13.5,10.8,,47.6,No,39.0
2292,83.1,25.0,13.4,2.3,80.4,Yes,81.1
2293,80.8,14.5,8.6,2.6,60.2,No,60.9
2294,81.0,11.9,8.5,4.0,59.4,Yes,70.9
2295,91.7,9.3,7.0,3.6,60.0,No,54.4
2296,64.6,22.9,9.4,2.6,71.6,No,64.2
2297,80.4,25.3,13.6,6.2,70.6,Yes,81.6
2298,81.9,15.6,3.7,3.2,59.2,No,51.5
2299,56.2,18.2,4.6,1.5,44.8,No,44.3
2300,70.3,21.0,12.3,5.1,76.8,Yes,77.8
2301,71.6,15.9,10.9,4.4,56.0,No,54.7
2302,93.0,18.7,18.2,4.4,75.2,Yes,73.9
2303,86.8,14.6,,1.5,68.3,No,67.5
2304,56.5,15.1,10.1,2.3,73.3,No,62.8
2305,61.8,16.8,8.9,3.2,53.4,No,51.9
2306,78.2,21.7,16.5,5.2,74.3,Yes,84.4
2307,77.0,18.8,16.4,3.0,79.2,No,72.8
2308,77.9,15.5,9.6,3.7,69.0,No,62.4
2309,83.1,21.4,14.3,2.8,71.1,Yes,73.9
2310,,25.4,18.5,5.3,92.5,Yes,90.8
2311,74.4,16.3,14.3,1.7,66.8,No,67.9
2312,70.9,15.8,8.2,2.0,53.5,No,57.5
2313,70.6,17.3,,0.7,53.4,No,54.2
2314,77.6,6.7,12.1,1.2,53.0,No,47.6
2315,62.7,19.4,9.2,1.0,64.0,No,62.4
2316,75.3,15.6,9.7,0.5,62.9,No,54.5
2317,61.6,13.7,6.0,4.1,63.9,No,53.4
2318,67.1,21.1,10.7,5.5,69.3,,62.9
2319,70.9,10.4,6.5,2.1,42.7,No,50.1
2320,73.0,14.8,,2.0,50.4,Yes,58.6
2321,100.0,21.4,20.0,7.1,89.8,Yes,89.9
2322,84.8,24.8,15.3,4.0,76.8,,74.7
2323,85.1,16.6,12.3,4.5,68.0,No,65.8
2324,80.3,21.0,11.4,5.4,63.7,No,70.3
2325,92.0,25.7,17.9,5.3,79.6,No,79.6
2326,76.0,15.4,12.1,5.9,72.3,No,69.6
2327,91.8,18.3,14.5,3.4,73.9,Yes,80.5
2328,61.2,12.3,8.7,2.4,57.4,Yes,53.1
2329,90.9,15.6,12.9,3.7,59.1,No,64.5
2330,70.3,21.2,8.8,,56.0,No,66.1
2331,79.8,15.6,16.5,1.6,58.9,No,62.4
2332,,14.0,13.8,4.0,57.9,No,67.9
2333,80.1,23.1,12.4,1.3,65.5,No,71.2
2334,87.5,16.6,8.8,4.8,66.2,No,69.8
2335,82.9,21.1,16.1,4.6,75.3,Yes,77.3
2336,60.2,6.6,11.2,4.1,48.7,Yes,50.2
2337,77.5,19.1,8.4,4.4,54.1,Yes,69.8
2338,93.3,28.5,17.1,5.9,82.3,Yes,90.4
2339,55.1,24.0,18.4,5.9,57.3,No,72.5
2340,92.2,19.7,15.8,4.5,76.5,No,67.3
2341,,25.7,13.9,4.4,78.2,No,79.6
2342,68.8,27.5,17.3,6.1,71.7,No,91.3
2343,79.5,23.1,19.5,3.3,71.8,Yes,80.8
2344,75.4,12.5,7.5,4.0,49.6,No,61.6
2345,64.7,11.9,10.3,4.3,71.9,Yes,64.5
2346,70.5,17.0,10.6,2.6,63.4,No,55.9
2347,64.2,10.1,8.6,0.7,40.0,No,44.7
2348,78.6,10.8,14.7,0.6,62.5,No,63.8
2349,78.8,14.8,10.2,5.0,54.4,No,62.1
2350,66.2,11.0,1.5,0.5,47.2,Yes,43.6
2351,78.3,18.1,14.1,2.2,65.0,No,64.6
2352,84.4,23.8,13.4,4.7,67.3,No,69.9
2353,77.1,13.6,12.5,3.7,61.2,No,60.3
2354,69.8,7.9,10.8,3.1,57.4,No,53.8
2355,85.0,9.1,10.6,3.3,54.3,No,59.1
2356,61.6,18.0,12.9,2.7,59.5,Yes,66.7
2357,75.4,15.7,9.3,2.0,52.8,No,51.8
2358,72.4,15.5,7.1,2.6,56.6,Yes,50.7
2359,69.4,9.8,10.2,4.0,57.5,No,54.3
2360,80.5,17.0,10.0,5.3,63.2,Yes,65.3
2361,79.9,16.6,18.6,5.5,67.8,Yes,78.1
2362,100.0,19.1,12.8,3.8,80.5,,72.9
2363,78.2,12.7,15.3,0.5,60.4,No,60.2
2364,75.9,12.8,6.7,3.7,53.9,Yes,55.5
2365,93.7,19.5,9.7,3.7,58.0,No,70.3
2366,84.3,14.7,13.0,0.5,58.3,Yes,60.3
2367,59.7,18.7,7.0,5.3,56.9,No,53.6
2368,62.6,0.0,4.1,1.9,35.0,No,24.0
2369,66.8,3.3,0.0,1.3,41.0,No,36.3
2370,73.1,23.0,14.3,,65.4,No,67.5
2371,81.0,19.9,7.8,4.0,69.9,No,71.3
2372,80.7,20.2,15.2,5.0,93.8,No,80.5
2373,84.1,20.2,8.7,4.3,72.9,Yes,79.0
2374,63.3,17.0,14.1,3.8,67.2,No,65.5
2375,59.2,16.8,15.4,4.3,66.3,No,63.1
2376,,16.5,8.9,2.9,48.8,,47.1
2377,83.7,20.2,11.4,7.4,69.1,No,76.9
2378,84.6,16.1,11.9,3.3,57.3,No,61.5
2379,76.9,17.3,16.3,,75.1,No,69.1
2380,70.9,16.4,14.9,3.0,65.0,No,75.4
2381,86.1,14.3,16.6,4.3,60.3,No,69.5
2382,82.0,19.5,20.0,4.5,67.1,No,70.6
2383,89.4,14.7,11.6,3.5,54.4,No,63.7
2384,73.2,15.4,10.4,3.0,60.6,No,53.8
2385,53.9,14.6,8.1,2.7,58.3,Yes,54.0
2386,67.0,16.7,11.1,4.3,63.1,No,66.9
2387,77.8,26.6,15.6,6.7,87.1,Yes,82.9
2388,61.8,15.8,9.6,3.8,59.8,No,59.4
2389,76.5,26.6,16.1,4.4,80.6,No,81.2
2390,75.1,23.0,20.0,2.8,74.4,Yes,78.6
2391,78.1,25.0,11.5,2.7,75.4,No,69.0
2392,76.2,21.0,12.6,4.3,63.5,No,63.3
2393,73.8,17.5,8.5,2.5,60.8,Yes,61.9
2394,82.2,19.7,9.9,3.8,60.7,No,68.0
2395,87.4,19.2,19.2,3.4,75.0,No,71.0
2396,73.8,15.1,9.8,2.9,61.7,No,62.9
2397,59.2,17.2,13.7,1.0,62.4,,65.7
2398,57.3,10.7,5.5,1.5,66.8,Yes,54.3
2399,70.3,16.2,14.5,2.8,68.8,No,69.0
2400,72.0,11.8,8.9,3.5,48.9,Yes,59.3
2401,72.9,30.0,11.7,4.1,81.7,No,85.3
2402,70.2,17.4,13.7,2.0,59.1,Yes,64.4
2403,69.2,17.3,11.0,2.7,57.2,No,61.2
2404,100.0,27.9,17.2,4.9,91.0,Yes,92.7
2405,84.4,25.1,15.9,5.5,78.3,Yes,88.4
2406,74.6,22.5,10.5,4.4,68.1,Yes,70.3
2407,89.1,15.5,16.4,4.2,70.7,No,76.5
2408,75.9,20.3,10.4,3.0,66.6,Yes,64.4
2409,72.2,14.0,,4.2,58.7,No,69.5
2410,90.4,22.2,15.6,3.1,68.2,No,75.8
2411,73.5,21.3,15.8,2.3,78.4,No,83.3
2412,83.4,26.6,12.2,5.4,78.0,No,81.3
2413,78.1,22.4,13.4,3.1,65.9,Yes,74.6
2414,81.4,21.6,11.3,3.2,58.9,No,60.2
2415,64.7,18.7,15.1,4.2,53.3,No,63.1
2416,71.2,22.4,12.6,5.7,82.0,No,78.1
2417,,26.1,18.5,0.9,78.8,No,78.5
2418,71.6,23.9,12.6,1.9,54.4,No,67.2
2419,73.5,17.6,11.0,4.7,54.6,Yes,65.7
2420,80.2,23.1,20.0,2.3,73.0,No,75.4
2421,84.2,17.2,16.3,4.7,80.7,No,78.8
2422,86.3,18.5,12.1,3.6,75.4,No,64.5
2423,70.1,12.5,9.7,1.3,45.2,No,48.1
2424,64.3,18.5,8.9,3.0,70.5,No,66.4
2425,83.2,17.8,7.3,0.9,66.5,Yes,61.7
2426,63.5,18.5,11.1,4.2,61.8,No,68.9
2427,64.0,11.6,6.4,3.7,35.0,No,44.3
2428,91.5,27.7,20.0,2.7,82.5,No,82.6
2429,72.2,24.8,15.2,2.9,65.0,No,74.1
2430,90.1,23.3,5.9,5.4,68.7,Yes,81.0
2431,85.9,17.9,8.6,3.0,50.5,Yes,56.4
2432,89.8,21.6,9.9,3.1,71.0,Yes,65.2
2433,87.8,28.8,14.9,6.4,85.7,No,83.1
2434,75.3,7.9,8.6,0.5,53.4,No,42.4
2435,73.2,17.7,12.9,3.4,67.3,No,67.2
2436,83.7,21.5,15.0,4.2,73.3,Yes,80.4
2437,75.8,16.4,7.9,2.5,61.2,Yes,61.1
2438,81.6,25.3,18.3,5.2,65.3,No,79.5
2439,75.3,11.1,10.8,1.0,67.9,No,58.9
2440,81.4,23.4,18.8,4.5,75.7,No,80.9
2441,61.5,20.9,13.0,2.9,71.6,No,69.0
2442,80.8,16.9,14.1,5.2,67.9,Yes,72.9
2443,90.8,25.6,14.2,6.5,89.6,No,91.2
2444,99.3,24.4,17.4,3.2,78.7,Yes,77.9
2445,90.1,24.7,16.2,3.1,89.2,Yes,81.9
2446,69.4,12.9,7.8,2.5,51.4,No,53.7
2447,79.9,16.1,11.5,1.9,54.1,Yes,71.4
2448,86.5,21.0,15.5,3.4,74.1,No,70.5
2449,81.2,24.5,9.7,4.8,70.8,Yes,78.9
2450,72.2,17.5,9.6,2.8,68.8,No,60.5
2451,67.5,24.1,11.0,6.5,68.8,No,73.9
2452,70.7,12.1,11.8,2.7,55.2,,52.9
2453,91.7,18.8,13.1,3.0,71.9,Yes,79.7
2454,52.3,10.1,,1.1,58.7,No,49.6
2455,69.5,18.8,10.7,3.1,69.5,No,63.5
2456,79.8,18.6,10.7,4.5,67.3,Yes,73.9
2457,73.8,12.4,3.5,3.7,65.1,No,53.3
2458,80.0,17.2,11.6,5.4,57.2,No,66.8
2459,70.2,25.6,20.0,6.7,85.1,Yes,83.3
2460,64.6,12.9,5.3,,55.9,No,52.1
2461,76.8,18.2,6.9,2.1,57.6,No,59.9
2462,87.6,18.6,11.3,4.1,72.6,No,71.6
2463,76.0,18.9,12.3,3.2,61.1,No,61.5
2464,78.6,29.1,14.2,2.7,84.8,No,77.8
2465,82.1,23.9,18.2,4.1,68.8,Yes,71.9
2466,65.8,18.2,11.6,,72.9,Yes,58.2
2467,69.6,17.1,11.4,3.7,73.7,Yes,67.7
2468,75.9,20.3,13.0,4.2,79.6,No,78.0
2469,92.8,22.7,15.7,4.8,67.9,Yes,80.3
2470,75.3,22.6,16.5,7.3,74.6,No,82.8
2471,77.9,19.9,13.1,2.1,64.2,Yes,67.7
2472,46.8,12.9,12.0,2.2,50.4,No,51.6
2473,80.4,16.6,13.5,5.5,58.7,No,66.9
2474,89.0,22.9,16.8,3.5,85.2,No,86.8
2475,66.0,16.9,14.3,3.9,76.0,Yes,69.5
2476,64.5,15.8,11.6,3.8,77.5,No,71.3
2477,94.6,18.2,14.3,4.4,69.3,Yes,68.4
2478,64.2,13.1,9.6,0.9,63.1,No,50.1
2479,94.4,14.6,17.3,4.2,65.3,No,69.2
2480,66.3,13.2,12.1,3.6,57.1,Yes,54.5
2481,56.0,16.5,12.5,7.1,69.7,No,75.3
2482,81.6,17.2,9.1,2.8,53.4,No,60.4
2483,79.1,17.0,12.8,2.6,50.0,Yes,63.6
2484,84.7,22.3,16.3,4.0,74.5,No,74.5
2485,69.4,12.8,12.1,0.5,63.8,Yes,59.9
2486,77.9,17.3,16.7,4.5,72.4,Yes,71.3
2487,87.2,15.1,11.9,5.9,66.3,No,74.0
2488,70.7,20.4,13.6,3.7,67.1,No,74.1
2489,66.2,30.0,17.3,4.5,80.7,Yes,82.9
2490,75.2,12.8,9.0,2.0,50.6,Yes,51.7
2491,60.7,10.4,9.3,2.4,55.0,No,45.6
2492,91.0,21.2,16.7,2.4,72.0,Yes,69.6
2493,77.2,21.7,14.5,6.3,70.5,No,81.4
2494,,29.0,20.0,4.5,88.4,Yes,94.1
2495,78.1,21.1,12.5,3.5,69.6,No,76.6
2496,59.7,18.7,15.7,6.3,74.6,Yes,77.9
2497,81.1,8.8,8.7,2.8,47.3,No,54.4
2498,74.7,22.2,12.9,3.6,71.0,Yes,76.4
2499,78.1,23.8,15.7,6.2,74.7,Yes,80.1
2500,82.7,14.3,13.4,2.9,51.4,Yes,62.6
2130,85.3,24.3,13.4,2.6,67.8,Yes,69.7
2281,65.7,8.7,10.1,3.1,48.2,No,49.3
2441,61.5,20.9,13.0,2.9,71.6,No,69.0
2385,53.9,14.6,8.1,2.7,58.3,Yes,54.0
2226,70.6,22.5,19.9,6.0,71.9,Yes,81.0
2417,,26.1,18.5,0.9,78.8,No,78.5
