house_id,area_sqft,bedrooms,bathrooms,parking,age_years,location,price_lakh
7001,841.0,1.0,1.0,1.0,8.0,Near Highway,35.7
7002,1079.0,1.0,1.0,0.0,9.0,Old Town,67.8
7003,1442.0,3.0,3.0,1.0,,Suburb North,68.5
7004,1449.0,3.0,3.0,2.0,30.0,Suburb South,71.3
7005,944.0,2.0,2.0,0.0,14.0,Suburb South,41.3
7006,975.0,3.0,2.0,0.0,29.0,Near Highway,36.6
7007,906.0,2.0,1.0,2.0,14.0,Near Highway,41.2
7008,1604.0,3.0,3.0,1.0,6.0,Near Highway,78.8
7009,968.0,2.0,1.0,0.0,,City Centre,76.2
7010,1117.0,2.0,2.0,2.0,,New Township,83.6
7011,947.0,3.0,2.0,0.0,34.0,New Township,65.1
7012,923.0,2.0,1.0,1.0,6.0,City Centre,82.7
7013,1166.0,3.0,3.0,0.0,33.0,City Centre,90.4
7014,1587.0,3.0,3.0,1.0,30.0,Suburb South,77.5
7015,1020.0,2.0,,0.0,4.0,Near Highway,47.6
7016,1722.0,3.0,2.0,0.0,31.0,Suburb South,80.5
7017,1192.0,3.0,3.0,0.0,19.0,New Township,72.6
7018,1506.0,3.0,3.0,1.0,17.0,Suburb South,76.4
7019,2550.0,5.0,4.0,1.0,,Old Town,164.5
7020,2394.0,4.0,3.0,2.0,35.0,Suburb South,106.5
7021,1322.0,2.0,1.0,2.0,6.0,Old Town,76.4
7022,1241.0,3.0,2.0,1.0,23.0,Suburb South,46.9
7023,1159.0,2.0,1.0,1.0,18.0,Near Highway,52.5
7024,1501.0,3.0,3.0,1.0,7.0,Near Highway,69.1
7025,692.0,1.0,1.0,0.0,35.0,Near Highway,22.7
7026,,1.0,1.0,1.0,16.0,Near Highway,38.3
7027,1164.0,2.0,1.0,2.0,17.0,Suburb South,64.7
7028,964.0,2.0,2.0,0.0,17.0,Suburb North,47.9
7029,900.0,2.0,2.0,1.0,24.0,Near Highway,41.1
7030,1789.0,3.0,2.0,2.0,6.0,City Centre,160.5
7031,782.0,1.0,1.0,0.0,1.0,New Township,52.3
7032,1065.0,3.0,3.0,2.0,7.0,Suburb North,69.9
7033,1018.0,2.0,2.0,0.0,28.0,New Township,66.1
7034,1053.0,2.0,1.0,1.0,13.0,Suburb South,52.7
7035,885.0,2.0,1.0,1.0,27.0,Old Town,57.6
7036,1523.0,2.0,1.0,0.0,15.0,City Centre,126.4
7037,1171.0,2.0,1.0,0.0,26.0,City Centre,96.6
7038,2044.0,3.0,2.0,2.0,6.0,Near Highway,98.7
7039,805.0,2.0,1.0,1.0,0.0,City Centre,73.1
7040,1257.0,3.0,2.0,2.0,31.0,Old Town,84.6
7041,825.0,1.0,1.0,0.0,11.0,New Township,54.8
7042,1298.0,4.0,4.0,1.0,15.0,Suburb North,92.1
7043,1720.0,4.0,4.0,1.0,8.0,Suburb South,94.6
7044,860.0,2.0,2.0,0.0,24.0,City Centre,79.9
7045,1631.0,3.0,2.0,2.0,25.0,Near Highway,66.5
7046,949.0,2.0,2.0,1.0,24.0,Suburb South,48.3
7047,860.0,1.0,1.0,1.0,15.0,New Township,60.3
7048,1337.0,3.0,3.0,1.0,15.0,Old Town,84.8
7049,1516.0,3.0,2.0,1.0,5.0,Suburb North,85.7
7050,1261.0,3.0,2.0,1.0,27.0,Suburb North,64.3
7051,1331.0,2.0,2.0,2.0,24.0,Old Town,83.0
7052,1200.0,1.0,1.0,2.0,30.0,Old Town,64.0
7053,1041.0,3.0,2.0,0.0,28.0,Suburb South,41.3
7054,636.0,3.0,3.0,1.0,16.0,Suburb North,35.2
7055,1085.0,2.0,1.0,2.0,20.0,Suburb South,44.0
7056,981.0,1.0,1.0,0.0,29.0,Old Town,47.2
7057,1430.0,2.0,1.0,2.0,17.0,Suburb South,71.3
7058,945.0,1.0,1.0,2.0,18.0,City Centre,82.2
7059,2218.0,3.0,2.0,1.0,0.0,City Centre,188.5
7060,1460.0,3.0,2.0,1.0,35.0,Old Town,87.9
7061,1068.0,2.0,1.0,1.0,12.0,Suburb South,52.7
7062,1476.0,2.0,2.0,1.0,23.0,Suburb North,87.2
7063,1125.0,2.0,1.0,0.0,33.0,Suburb North,50.3
7064,1784.0,3.0,2.0,2.0,17.0,Suburb North,97.8
7065,1068.0,1.0,1.0,2.0,27.0,Suburb North,54.9
7066,1866.0,4.0,3.0,1.0,2.0,New Township,141.4
7067,881.0,3.0,2.0,0.0,16.0,Suburb South,38.0
7068,1253.0,3.0,3.0,1.0,33.0,City Centre,104.6
7069,1190.0,3.0,2.0,0.0,15.0,New Township,85.9
7070,927.0,2.0,1.0,1.0,14.0,City Centre,77.2
7071,1102.0,3.0,3.0,1.0,31.0,City Centre,93.6
7072,1218.0,3.0,3.0,0.0,26.0,Near Highway,55.8
7073,850.0,2.0,2.0,1.0,18.0,Suburb North,52.8
7074,940.0,3.0,3.0,1.0,28.0,Suburb South,57.9
7075,1405.0,2.0,2.0,1.0,,Suburb North,63.3
7076,964.0,2.0,1.0,0.0,28.0,Suburb North,40.9
7077,1953.0,3.0,2.0,1.0,18.0,Suburb South,92.6
7078,1951.0,4.0,4.0,2.0,18.0,Suburb North,118.8
7079,1054.0,3.0,3.0,0.0,26.0,Suburb North,65.5
7080,1351.0,2.0,2.0,0.0,32.0,Suburb North,58.3
7081,1424.0,4.0,4.0,1.0,33.0,Suburb North,77.4
7082,1507.0,2.0,1.0,1.0,28.0,New Township,94.3
7083,1034.0,3.0,2.0,0.0,22.0,Suburb North,53.1
7084,1518.0,3.0,3.0,2.0,,New Township,113.1
7085,1035.0,2.0,1.0,1.0,28.0,Suburb North,39.4
7086,1179.0,2.0,2.0,0.0,7.0,New Township,89.9
7087,1764.0,4.0,3.0,2.0,18.0,Suburb South,90.9
7088,1184.0,2.0,1.0,0.0,5.0,Suburb North,67.2
7089,909.0,2.0,2.0,0.0,27.0,City Centre,69.6
7090,1022.0,2.0,,1.0,20.0,Suburb South,44.9
7091,1336.0,3.0,2.0,1.0,23.0,Near Highway,53.2
7092,965.0,2.0,2.0,0.0,10.0,New Township,68.0
7093,906.0,2.0,2.0,0.0,15.0,Suburb South,38.2
7094,1269.0,2.0,2.0,2.0,8.0,Suburb South,57.4
7095,914.0,2.0,2.0,0.0,6.0,New Township,68.1
7096,2278.0,4.0,3.0,2.0,32.0,City Centre,198.4
7097,992.0,2.0,1.0,1.0,8.0,Suburb South,66.3
7098,1492.0,3.0,3.0,1.0,35.0,Suburb South,77.0
7099,782.0,1.0,1.0,0.0,29.0,New Township,52.0
7100,1097.0,2.0,1.0,2.0,8.0,Old Town,74.0
7101,1552.0,2.0,2.0,0.0,12.0,Suburb South,65.1
7102,1425.0,3.0,3.0,1.0,9.0,Suburb North,87.0
7103,1471.0,4.0,3.0,,5.0,City Centre,134.0
7104,1021.0,2.0,2.0,1.0,17.0,Old Town,57.3
7105,1285.0,1.0,1.0,0.0,11.0,Old Town,74.2
7106,1143.0,3.0,3.0,1.0,32.0,Suburb North,59.7
7107,794.0,2.0,1.0,1.0,10.0,Suburb North,36.0
7108,1709.0,3.0,3.0,1.0,32.0,Suburb North,80.7
7109,989.0,2.0,1.0,1.0,3.0,New Township,67.3
7110,1131.0,2.0,2.0,0.0,7.0,New Township,85.3
7111,1569.0,3.0,2.0,0.0,15.0,Suburb North,74.6
7112,1478.0,3.0,3.0,1.0,0.0,Suburb North,85.5
7113,2643.0,5.0,4.0,3.0,3.0,Suburb North,146.1
7114,1187.0,2.0,2.0,1.0,20.0,Suburb South,61.4
7115,1870.0,4.0,3.0,1.0,5.0,Near Highway,80.8
7116,1175.0,3.0,3.0,2.0,29.0,Suburb South,58.0
7117,1225.0,3.0,3.0,1.0,6.0,New Township,104.9
7118,1678.0,3.0,3.0,1.0,6.0,Near Highway,86.2
7119,1483.0,3.0,2.0,2.0,11.0,City Centre,143.2
7120,1045.0,2.0,1.0,1.0,31.0,Near Highway,44.7
7121,1184.0,2.0,1.0,,,Suburb North,64.2
7122,1283.0,2.0,2.0,1.0,13.0,New Township,86.7
7123,2018.0,5.0,4.0,2.0,17.0,Suburb South,116.0
7124,967.0,2.0,2.0,0.0,3.0,Suburb North,69.5
7125,1302.0,3.0,2.0,1.0,5.0,Suburb South,62.3
7126,1459.0,2.0,1.0,1.0,2.0,New Township,106.5
7127,6431.0,2.0,2.0,2.0,29.0,Suburb North,275.5
7128,1044.0,2.0,2.0,2.0,11.0,Suburb North,64.1
7129,1562.0,3.0,3.0,1.0,,Old Town,109.1
7130,920.0,2.0,2.0,1.0,32.0,Suburb South,38.0
7131,2176.0,4.0,3.0,1.0,,Old Town,134.8
7132,553.0,2.0,2.0,0.0,30.0,City Centre,42.0
7133,,1.0,1.0,1.0,5.0,Old Town,36.3
7134,1276.0,2.0,2.0,2.0,24.0,Suburb South,56.7
7135,1475.0,3.0,2.0,2.0,6.0,New Township,125.5
7136,1398.0,4.0,3.0,0.0,,City Centre,124.9
7137,1019.0,2.0,2.0,0.0,18.0,Old Town,71.1
7138,1164.0,2.0,2.0,1.0,15.0,Suburb North,68.7
7139,1225.0,3.0,2.0,0.0,15.0,City Centre,96.8
7140,933.0,2.0,1.0,0.0,17.0,New Township,70.0
7141,1086.0,2.0,2.0,1.0,4.0,Old Town,74.2
7142,915.0,2.0,2.0,1.0,22.0,Suburb North,44.1
7143,1725.0,3.0,3.0,2.0,27.0,City Centre,166.5
7144,1380.0,3.0,3.0,0.0,9.0,New Township,110.9
7145,1069.0,2.0,2.0,0.0,13.0,New Township,69.6
7146,1088.0,2.0,,1.0,1.0,Near Highway,54.5
7147,1062.0,1.0,,2.0,31.0,New Township,71.9
7148,1107.0,2.0,2.0,2.0,16.0,City Centre,106.5
7149,1320.0,2.0,1.0,,28.0,New Township,81.8
7150,1094.0,3.0,2.0,0.0,2.0,New Township,78.8
7151,1045.0,3.0,2.0,,13.0,Suburb North,64.9
7152,1365.0,3.0,3.0,2.0,27.0,City Centre,129.0
7153,1159.0,2.0,2.0,1.0,12.0,New Township,79.8
7154,1218.0,2.0,1.0,0.0,34.0,Suburb North,52.7
7155,1245.0,2.0,2.0,0.0,31.0,New Township,84.3
7156,1152.0,3.0,2.0,2.0,8.0,Near Highway,66.3
7157,870.0,2.0,1.0,1.0,2.0,New Township,62.1
7158,1131.0,2.0,2.0,0.0,30.0,,33.5
7159,1746.0,3.0,3.0,0.0,,New Township,126.5
7160,942.0,1.0,1.0,1.0,12.0,New Township,67.2
7161,951.0,2.0,1.0,,7.0,Suburb South,49.9
7162,1072.0,3.0,3.0,1.0,14.0,Suburb North,64.9
7163,1085.0,3.0,2.0,0.0,33.0,Near Highway,45.7
7164,1844.0,2.0,1.0,1.0,27.0,Near Highway,62.6
7165,1111.0,3.0,3.0,1.0,5.0,,72.6
7166,1722.0,3.0,2.0,0.0,12.0,New Township,116.4
7167,1545.0,3.0,2.0,2.0,5.0,Suburb North,91.6
7168,1513.0,3.0,2.0,0.0,24.0,Suburb South,74.2
7169,1472.0,3.0,2.0,0.0,20.0,City Centre,125.4
7170,1353.0,2.0,2.0,0.0,28.0,Near Highway,52.7
7171,1425.0,4.0,3.0,1.0,15.0,New Township,108.4
7172,1753.0,3.0,2.0,2.0,6.0,City Centre,166.6
7173,660.0,1.0,1.0,1.0,11.0,Old Town,47.3
7174,1356.0,3.0,2.0,2.0,1.0,Suburb South,80.9
7175,1727.0,4.0,3.0,1.0,1.0,Old Town,124.3
7176,1000.0,2.0,1.0,2.0,31.0,City Centre,73.8
7177,1200.0,1.0,1.0,0.0,31.0,Suburb North,35.5
7178,1573.0,3.0,3.0,0.0,35.0,Near Highway,50.6
7179,717.0,1.0,1.0,1.0,12.0,New Township,41.2
7180,1328.0,3.0,2.0,2.0,,Suburb North,69.2
7181,875.0,2.0,1.0,2.0,0.0,New Township,84.1
7182,1302.0,2.0,2.0,3.0,19.0,Near Highway,56.5
7183,1358.0,2.0,2.0,1.0,5.0,Near Highway,66.3
7184,1306.0,2.0,2.0,2.0,35.0,New Township,80.2
7185,895.0,1.0,1.0,0.0,14.0,Near Highway,17.2
7186,1216.0,3.0,2.0,1.0,8.0,Old Town,84.3
7187,1003.0,2.0,2.0,0.0,21.0,New Township,67.9
7188,1330.0,3.0,2.0,2.0,31.0,Suburb North,64.3
7189,1084.0,2.0,1.0,1.0,6.0,Suburb South,64.2
7190,942.0,3.0,3.0,1.0,28.0,Suburb South,42.2
7191,1608.0,3.0,3.0,1.0,15.0,New Township,122.5
7192,841.0,2.0,1.0,1.0,3.0,Near Highway,42.7
7193,1042.0,2.0,2.0,1.0,10.0,Near Highway,53.4
7194,1680.0,4.0,3.0,2.0,23.0,Near Highway,79.7
7195,1353.0,2.0,,1.0,20.0,New Township,98.7
7196,1575.0,3.0,2.0,0.0,21.0,Suburb South,74.5
7197,899.0,1.0,1.0,1.0,5.0,Old Town,58.3
7198,1277.0,3.0,3.0,1.0,26.0,Old Town,80.5
7199,931.0,2.0,2.0,1.0,32.0,City Centre,83.9
7200,712.0,2.0,1.0,1.0,,Suburb South,45.0
7201,1444.0,3.0,2.0,0.0,18.0,Near Highway,48.1
7202,889.0,2.0,2.0,0.0,29.0,Old Town,41.9
7203,1253.0,2.0,2.0,1.0,3.0,,66.8
7204,910.0,1.0,,1.0,12.0,Old Town,51.3
7205,1429.0,3.0,2.0,1.0,11.0,Suburb South,70.5
7206,1438.0,3.0,2.0,0.0,25.0,Old Town,89.0
7207,892.0,1.0,1.0,1.0,3.0,Suburb North,61.7
7208,891.0,2.0,2.0,1.0,12.0,Suburb South,54.2
7209,545.0,1.0,1.0,2.0,23.0,Near Highway,22.2
7210,1050.0,1.0,1.0,1.0,2.0,Suburb North,53.1
7211,1126.0,3.0,2.0,1.0,16.0,Suburb North,51.1
7212,968.0,2.0,1.0,1.0,,New Township,48.2
7213,1490.0,3.0,2.0,1.0,15.0,Old Town,99.3
7214,1178.0,3.0,2.0,1.0,14.0,Suburb South,58.9
7215,1209.0,1.0,1.0,2.0,2.0,City Centre,99.4
7216,1001.0,2.0,2.0,2.0,35.0,Suburb South,37.3
7217,,2.0,2.0,1.0,17.0,New Township,52.9
7218,1229.0,3.0,3.0,1.0,15.0,City Centre,121.7
7219,1557.0,3.0,3.0,,29.0,City Centre,134.4
7220,1739.0,4.0,3.0,,11.0,,100.8
7221,1273.0,3.0,3.0,1.0,28.0,New Township,98.8
7222,827.0,1.0,1.0,1.0,20.0,City Centre,57.9
7223,1092.0,1.0,1.0,2.0,27.0,New Township,78.8
7224,1265.0,2.0,1.0,2.0,6.0,Suburb South,76.0
7225,867.0,1.0,1.0,2.0,21.0,Suburb South,39.8
7226,1079.0,2.0,2.0,1.0,11.0,New Township,80.1
7227,994.0,2.0,2.0,0.0,16.0,New Township,78.8
7228,946.0,2.0,1.0,0.0,16.0,Near Highway,36.4
7229,887.0,1.0,1.0,0.0,0.0,Suburb North,50.1
7230,1325.0,2.0,1.0,1.0,15.0,Suburb North,66.2
7231,1421.0,3.0,2.0,1.0,0.0,Suburb South,73.1
7232,1747.0,3.0,3.0,1.0,29.0,Suburb North,91.3
7233,1115.0,2.0,1.0,1.0,4.0,Suburb North,77.1
7234,1231.0,2.0,2.0,2.0,21.0,New Township,89.5
7235,718.0,2.0,1.0,1.0,7.0,Suburb South,30.1
7236,1315.0,2.0,1.0,1.0,20.0,Suburb South,55.6
7237,1821.0,3.0,3.0,2.0,27.0,New Township,134.2
7238,956.0,3.0,3.0,0.0,16.0,Suburb South,53.5
7239,1402.0,3.0,3.0,1.0,32.0,Old Town,79.4
7240,1033.0,2.0,2.0,0.0,7.0,New Township,76.6
7241,1412.0,3.0,3.0,1.0,23.0,Suburb North,84.9
7242,1503.0,4.0,4.0,0.0,2.0,City Centre,147.3
7243,782.0,2.0,1.0,1.0,25.0,Near Highway,14.7
7244,922.0,1.0,1.0,0.0,8.0,City Centre,73.9
7245,965.0,3.0,2.0,0.0,29.0,Near Highway,26.7
7246,1136.0,2.0,1.0,1.0,10.0,Old Town,60.6
7247,1790.0,3.0,3.0,2.0,10.0,Near Highway,93.9
7248,1223.0,2.0,2.0,1.0,25.0,New Township,73.2
7249,1258.0,3.0,3.0,2.0,19.0,Suburb South,64.7
7250,1280.0,2.0,1.0,2.0,7.0,Suburb North,85.2
7251,994.0,1.0,1.0,0.0,0.0,New Township,60.4
7252,1673.0,4.0,3.0,0.0,34.0,Suburb North,82.7
7253,1411.0,2.0,2.0,0.0,18.0,Near Highway,45.0
7254,1530.0,4.0,4.0,2.0,33.0,Near Highway,65.5
7255,1306.0,1.0,1.0,0.0,14.0,New Township,88.1
7256,801.0,1.0,1.0,1.0,5.0,Old Town,44.7
7257,1420.0,3.0,3.0,2.0,25.0,Near Highway,68.8
7258,1001.0,2.0,2.0,0.0,34.0,City Centre,61.5
7259,919.0,2.0,1.0,0.0,29.0,City Centre,60.1
7260,2716.0,6.0,5.0,,19.0,Suburb North,161.2
7261,1595.0,3.0,3.0,1.0,30.0,Old Town,97.0
7262,1068.0,2.0,1.0,1.0,6.0,City Centre,104.3
7263,1553.0,3.0,2.0,1.0,0.0,Suburb North,90.6
7264,1688.0,3.0,3.0,1.0,21.0,City Centre,135.7
7265,1296.0,2.0,1.0,1.0,1.0,Old Town,79.5
7266,1074.0,2.0,2.0,0.0,4.0,Suburb South,49.2
7267,1628.0,4.0,3.0,2.0,30.0,Near Highway,72.5
7268,1522.0,4.0,4.0,1.0,35.0,New Township,121.6
7269,1489.0,2.0,1.0,1.0,19.0,New Township,107.5
7270,732.0,1.0,1.0,2.0,30.0,City Centre,55.7
7271,1382.0,3.0,2.0,0.0,27.0,Suburb North,66.2
7272,2251.0,4.0,3.0,1.0,18.0,Old Town,141.8
7273,873.0,1.0,1.0,0.0,7.0,Suburb North,48.5
7274,1070.0,1.0,1.0,0.0,8.0,City Centre,85.1
7275,953.0,2.0,1.0,1.0,2.0,Old Town,62.5
7276,1039.0,2.0,2.0,1.0,13.0,Near Highway,56.6
7277,1156.0,3.0,3.0,0.0,19.0,New Township,94.6
7278,2226.0,5.0,5.0,2.0,8.0,Suburb South,120.9
7279,1104.0,2.0,2.0,2.0,13.0,Suburb North,65.3
7280,1963.0,3.0,2.0,,1.0,City Centre,176.5
7281,908.0,1.0,1.0,1.0,0.0,New Township,73.5
7282,1465.0,3.0,2.0,1.0,4.0,Suburb North,77.7
7283,1191.0,2.0,1.0,0.0,0.0,New Township,87.6
7284,1066.0,2.0,1.0,2.0,25.0,Old Town,61.5
7285,1319.0,3.0,2.0,1.0,16.0,New Township,104.7
7286,1816.0,4.0,3.0,3.0,25.0,,95.3
7287,1366.0,2.0,2.0,2.0,3.0,Suburb North,86.6
7288,1481.0,3.0,3.0,2.0,24.0,New Township,113.4
7289,1244.0,1.0,1.0,1.0,31.0,New Township,84.1
7290,1406.0,3.0,2.0,1.0,15.0,New Township,106.4
7291,1375.0,3.0,2.0,0.0,21.0,New Township,96.6
7292,1561.0,4.0,4.0,2.0,14.0,Suburb North,102.1
7293,1172.0,3.0,2.0,2.0,25.0,Near Highway,61.8
7294,1017.0,1.0,1.0,1.0,20.0,City Centre,79.9
7295,1057.0,3.0,2.0,1.0,20.0,Suburb North,46.6
7296,1051.0,4.0,3.0,1.0,30.0,City Centre,95.1
7297,1435.0,3.0,3.0,1.0,20.0,City Centre,127.8
7298,957.0,2.0,2.0,1.0,30.0,Near Highway,34.1
7299,1518.0,4.0,3.0,2.0,3.0,Suburb North,90.1
7300,1313.0,3.0,2.0,1.0,32.0,Suburb North,59.0
7301,1789.0,3.0,,2.0,19.0,Suburb South,91.9
7302,1301.0,3.0,2.0,2.0,3.0,Suburb North,86.4
7303,1691.0,1.0,1.0,1.0,32.0,Near Highway,64.7
7304,1394.0,2.0,2.0,1.0,22.0,Near Highway,56.6
7305,1293.0,3.0,2.0,1.0,7.0,,69.2
7306,1115.0,3.0,3.0,1.0,5.0,City Centre,112.6
7307,1409.0,2.0,2.0,1.0,22.0,New Township,104.1
7308,1257.0,2.0,2.0,0.0,34.0,Old Town,68.5
7309,1011.0,2.0,1.0,1.0,32.0,Suburb South,40.6
7310,1052.0,2.0,,0.0,30.0,Suburb North,51.3
7311,680.0,2.0,1.0,0.0,33.0,New Township,42.0
7312,1734.0,3.0,3.0,2.0,3.0,City Centre,163.2
7313,1723.0,3.0,2.0,1.0,32.0,,99.4
7314,1057.0,2.0,,0.0,28.0,City Centre,82.2
7315,832.0,1.0,1.0,0.0,7.0,Suburb South,46.1
7316,1495.0,3.0,2.0,1.0,10.0,New Township,103.0
7317,1707.0,3.0,3.0,0.0,16.0,City Centre,154.0
7318,1208.0,2.0,1.0,2.0,17.0,Suburb South,65.0
7319,997.0,2.0,2.0,0.0,12.0,Old Town,58.3
7320,1788.0,4.0,4.0,,14.0,Suburb North,99.7
7321,1593.0,3.0,3.0,1.0,15.0,Suburb South,89.6
7322,1662.0,3.0,3.0,1.0,24.0,New Township,125.6
7323,2158.0,3.0,3.0,0.0,26.0,Old Town,123.3
7324,1206.0,2.0,1.0,0.0,33.0,Suburb North,49.7
7325,1281.0,2.0,2.0,1.0,0.0,Suburb South,69.8
7326,2238.0,3.0,2.0,2.0,23.0,Near Highway,98.9
7327,1572.0,3.0,2.0,1.0,0.0,Old Town,114.9
7328,2573.0,5.0,4.0,1.0,17.0,New Township,190.2
7329,555.0,1.0,1.0,1.0,7.0,Suburb South,30.3
7330,766.0,2.0,2.0,2.0,,City Centre,83.6
7331,6510.0,2.0,1.0,1.0,8.0,City Centre,441.2
7332,1395.0,2.0,2.0,0.0,15.0,Near Highway,52.7
7333,857.0,1.0,1.0,0.0,0.0,New Township,66.3
7334,911.0,2.0,2.0,1.0,17.0,Suburb South,32.6
7335,925.0,2.0,2.0,0.0,35.0,Suburb South,37.9
7336,1454.0,3.0,2.0,1.0,2.0,Suburb North,85.6
7337,780.0,1.0,1.0,1.0,12.0,Near Highway,27.3
7338,1142.0,2.0,2.0,1.0,3.0,Old Town,74.7
7339,946.0,1.0,1.0,1.0,12.0,New Township,60.6
7340,481.0,1.0,1.0,2.0,12.0,Old Town,37.6
7341,1292.0,3.0,3.0,2.0,,Old Town,84.0
7342,2074.0,4.0,4.0,1.0,3.0,Old Town,137.7
7343,1116.0,3.0,3.0,2.0,22.0,New Township,97.1
7344,1491.0,3.0,2.0,1.0,30.0,Old Town,79.9
7345,1202.0,2.0,1.0,1.0,13.0,Suburb North,61.0
7346,1118.0,3.0,2.0,0.0,21.0,Near Highway,50.1
7347,717.0,2.0,2.0,0.0,13.0,Suburb North,45.0
7348,1121.0,1.0,1.0,1.0,5.0,Old Town,77.8
7349,643.0,1.0,1.0,1.0,33.0,City Centre,36.7
7350,979.0,1.0,1.0,0.0,9.0,Suburb South,45.6
7351,1231.0,3.0,3.0,0.0,35.0,New Township,84.9
7352,1242.0,3.0,3.0,0.0,19.0,City Centre,112.0
7353,925.0,3.0,2.0,2.0,26.0,Suburb South,48.4
7354,1125.0,2.0,,0.0,28.0,Near Highway,32.5
7355,863.0,2.0,2.0,0.0,7.0,Suburb North,49.5
7356,1487.0,3.0,3.0,1.0,25.0,City Centre,119.5
7357,836.0,3.0,2.0,1.0,29.0,Old Town,39.6
7358,,6.0,5.0,,27.0,Suburb South,140.5
7359,1531.0,4.0,3.0,2.0,5.0,Suburb South,95.6
7360,1167.0,3.0,3.0,0.0,15.0,City Centre,116.6
7361,2060.0,3.0,2.0,2.0,33.0,Near Highway,80.8
7362,909.0,2.0,1.0,1.0,26.0,City Centre,72.2
7363,1747.0,2.0,2.0,1.0,10.0,Near Highway,76.8
7364,994.0,2.0,1.0,0.0,15.0,Suburb North,52.5
7365,1223.0,2.0,1.0,1.0,7.0,New Township,101.3
7366,1021.0,2.0,1.0,1.0,10.0,Suburb South,56.7
7367,957.0,1.0,1.0,0.0,28.0,Suburb South,34.6
7368,1011.0,2.0,2.0,1.0,15.0,City Centre,91.5
7369,1275.0,2.0,1.0,1.0,1.0,Old Town,82.5
7370,1099.0,2.0,1.0,1.0,3.0,Near Highway,49.4
7371,2098.0,5.0,5.0,3.0,23.0,Near Highway,107.7
7372,1235.0,3.0,2.0,0.0,3.0,,55.5
7373,537.0,1.0,1.0,1.0,14.0,City Centre,61.9
7374,,1.0,1.0,1.0,31.0,Suburb North,46.3
7375,,2.0,2.0,1.0,34.0,Old Town,64.5
7376,1306.0,3.0,3.0,1.0,30.0,Suburb North,75.9
7377,1425.0,3.0,3.0,0.0,,City Centre,124.0
7378,800.0,2.0,1.0,1.0,18.0,Suburb South,39.3
7379,1257.0,1.0,1.0,1.0,11.0,City Centre,109.1
7380,912.0,2.0,1.0,2.0,1.0,Old Town,76.8
7381,1208.0,2.0,2.0,0.0,18.0,Old Town,76.1
7382,1080.0,3.0,2.0,2.0,35.0,Near Highway,39.9
7383,1711.0,3.0,2.0,0.0,6.0,New Township,125.1
7384,1593.0,3.0,2.0,0.0,6.0,Old Town,97.8
7385,1863.0,4.0,3.0,1.0,26.0,New Township,136.8
7386,928.0,1.0,1.0,1.0,,New Township,64.3
7387,1003.0,3.0,2.0,2.0,8.0,Suburb North,65.6
7388,1185.0,2.0,1.0,,35.0,Suburb North,52.2
7389,988.0,1.0,1.0,1.0,19.0,New Township,67.5
7390,967.0,2.0,1.0,1.0,8.0,Suburb North,59.2
7391,1364.0,3.0,3.0,0.0,6.0,Suburb North,77.1
7392,2270.0,5.0,5.0,2.0,5.0,New Township,187.6
7393,1292.0,2.0,1.0,1.0,21.0,Old Town,73.6
7394,1877.0,3.0,3.0,0.0,2.0,Suburb South,104.4
7395,762.0,1.0,1.0,0.0,21.0,New Township,50.2
7396,2147.0,4.0,4.0,3.0,12.0,New Township,181.4
7397,2270.0,5.0,5.0,1.0,15.0,New Township,173.9
7398,1237.0,2.0,1.0,1.0,24.0,Near Highway,42.5
7399,1008.0,1.0,1.0,0.0,23.0,Suburb South,38.6
7400,1412.0,2.0,2.0,1.0,30.0,Near Highway,52.0
7401,711.0,2.0,2.0,0.0,26.0,City Centre,55.5
7402,1284.0,2.0,1.0,1.0,6.0,,77.6
7403,692.0,1.0,1.0,1.0,21.0,New Township,48.1
7404,1893.0,5.0,5.0,2.0,0.0,New Township,163.4
7405,1161.0,3.0,3.0,1.0,29.0,Near Highway,43.2
7406,938.0,1.0,1.0,0.0,33.0,City Centre,67.2
7407,624.0,1.0,1.0,1.0,15.0,Old Town,30.8
7408,1817.0,4.0,4.0,0.0,,Near Highway,86.8
7409,1213.0,3.0,3.0,1.0,11.0,City Centre,121.9
7410,1001.0,2.0,2.0,1.0,8.0,Near Highway,56.0
7411,1691.0,4.0,4.0,1.0,18.0,New Township,129.2
7412,789.0,1.0,1.0,0.0,23.0,Near Highway,13.3
7413,1644.0,4.0,3.0,2.0,,Suburb South,101.7
7414,1762.0,3.0,,0.0,35.0,Suburb North,85.1
7415,1098.0,3.0,3.0,1.0,34.0,Old Town,60.9
7416,1711.0,3.0,3.0,1.0,24.0,Suburb South,71.7
7417,6238.0,3.0,2.0,3.0,2.0,Old Town,364.9
7418,959.0,2.0,2.0,1.0,35.0,City Centre,80.6
7419,974.0,1.0,1.0,1.0,16.0,New Township,69.8
7420,1541.0,4.0,3.0,0.0,0.0,New Township,127.4
7421,1515.0,3.0,2.0,0.0,24.0,City Centre,133.9
7422,955.0,3.0,2.0,0.0,21.0,New Township,62.3
7423,471.0,1.0,1.0,0.0,5.0,Suburb North,22.1
7424,759.0,2.0,1.0,2.0,26.0,Suburb North,40.8
7425,1747.0,4.0,3.0,2.0,22.0,Suburb North,103.4
7426,1039.0,3.0,2.0,1.0,14.0,City Centre,94.1
7427,910.0,1.0,1.0,0.0,35.0,Suburb South,30.0
7428,1351.0,2.0,2.0,1.0,11.0,City Centre,120.3
7429,711.0,2.0,2.0,1.0,7.0,,64.2
7430,2357.0,4.0,3.0,2.0,2.0,City Centre,208.6
7431,674.0,1.0,1.0,1.0,7.0,New Township,46.0
7432,1138.0,2.0,1.0,1.0,20.0,City Centre,89.9
7433,1353.0,2.0,2.0,1.0,24.0,Near Highway,50.0
7434,1452.0,3.0,2.0,1.0,33.0,Near Highway,69.5
7435,864.0,2.0,1.0,0.0,5.0,Old Town,51.7
7436,1088.0,3.0,2.0,0.0,33.0,City Centre,89.4
7437,1647.0,3.0,2.0,0.0,6.0,Suburb North,87.4
7438,1256.0,3.0,3.0,1.0,4.0,Suburb North,77.2
7439,1481.0,3.0,3.0,,24.0,Suburb North,86.5
7440,1266.0,3.0,3.0,1.0,27.0,Old Town,86.2
7441,1282.0,3.0,2.0,2.0,7.0,Near Highway,70.1
7442,933.0,2.0,1.0,0.0,,City Centre,73.7
7443,847.0,2.0,1.0,0.0,32.0,Old Town,30.1
7444,1112.0,1.0,1.0,2.0,23.0,Near Highway,45.4
7445,863.0,1.0,1.0,1.0,20.0,Old Town,43.1
7446,1857.0,4.0,4.0,1.0,28.0,Old Town,112.0
7447,1500.0,3.0,3.0,1.0,11.0,Suburb South,77.8
7448,1752.0,4.0,4.0,1.0,,Old Town,109.7
7449,772.0,1.0,1.0,0.0,14.0,Suburb South,29.7
7450,816.0,2.0,1.0,1.0,33.0,City Centre,59.2
7451,1470.0,3.0,,2.0,12.0,New Township,114.3
7452,1268.0,3.0,2.0,0.0,26.0,Suburb South,57.7
7453,1294.0,2.0,,2.0,8.0,Suburb North,65.4
7454,1616.0,4.0,4.0,0.0,,Suburb North,72.7
7455,892.0,1.0,1.0,1.0,34.0,Suburb South,39.7
7456,824.0,1.0,1.0,0.0,30.0,City Centre,64.9
7457,933.0,2.0,2.0,1.0,30.0,Old Town,51.8
7458,2258.0,4.0,4.0,3.0,11.0,Old Town,161.7
7459,1185.0,3.0,2.0,2.0,2.0,City Centre,122.6
7460,951.0,1.0,1.0,1.0,16.0,Old Town,58.2
7461,1858.0,4.0,4.0,1.0,35.0,,106.2
7462,1572.0,2.0,2.0,2.0,33.0,New Township,102.8
7463,1562.0,4.0,,0.0,8.0,Suburb South,80.1
7464,1449.0,2.0,1.0,0.0,16.0,Old Town,70.7
7465,1126.0,2.0,2.0,0.0,24.0,New Township,74.2
7466,2044.0,4.0,3.0,0.0,31.0,Suburb South,91.5
7467,1545.0,3.0,3.0,2.0,10.0,New Township,128.5
7468,842.0,1.0,1.0,2.0,29.0,Suburb North,42.8
7469,856.0,2.0,2.0,1.0,6.0,Suburb North,51.0
7470,990.0,3.0,3.0,0.0,8.0,Suburb South,60.2
7471,1555.0,2.0,2.0,1.0,33.0,City Centre,119.0
7472,,3.0,2.0,0.0,18.0,Suburb South,42.1
7473,1110.0,2.0,2.0,0.0,16.0,Old Town,67.0
7474,1047.0,1.0,1.0,2.0,8.0,City Centre,97.1
7475,1230.0,3.0,2.0,2.0,20.0,City Centre,107.5
7476,1742.0,4.0,4.0,2.0,14.0,Suburb North,105.6
7477,1057.0,2.0,2.0,1.0,13.0,Old Town,72.0
7478,1210.0,3.0,3.0,0.0,2.0,Suburb North,76.6
7479,2018.0,4.0,3.0,1.0,35.0,Suburb North,93.9
7480,762.0,1.0,1.0,1.0,32.0,Old Town,34.2
7481,1330.0,3.0,2.0,1.0,14.0,Near Highway,53.5
7482,1282.0,3.0,3.0,2.0,20.0,City Centre,115.2
7483,1184.0,2.0,1.0,1.0,17.0,Suburb South,53.6
7484,1641.0,4.0,4.0,0.0,5.0,New Township,131.7
7485,2333.0,5.0,4.0,3.0,6.0,Suburb North,157.9
7486,1216.0,3.0,2.0,1.0,,Suburb South,55.1
7487,1198.0,4.0,3.0,0.0,8.0,New Township,84.8
7488,1471.0,2.0,1.0,2.0,27.0,Suburb South,58.1
7489,854.0,2.0,2.0,0.0,18.0,City Centre,73.7
7490,1091.0,2.0,1.0,1.0,17.0,New Township,77.7
7491,1332.0,2.0,2.0,2.0,24.0,Near Highway,58.2
7492,1297.0,3.0,,1.0,9.0,Old Town,94.8
7493,975.0,1.0,,0.0,34.0,Near Highway,26.1
7494,1687.0,3.0,2.0,1.0,8.0,Suburb North,85.3
7495,864.0,2.0,,0.0,8.0,New Township,58.3
7496,985.0,1.0,1.0,0.0,22.0,Suburb South,33.5
7497,898.0,1.0,1.0,1.0,8.0,New Township,65.6
7498,,3.0,,0.0,6.0,New Township,100.4
7499,1548.0,2.0,1.0,1.0,3.0,Suburb North,76.0
7500,1178.0,2.0,2.0,1.0,18.0,New Township,77.0
7501,1718.0,4.0,4.0,0.0,18.0,Old Town,101.3
7502,1074.0,2.0,2.0,1.0,20.0,New Township,80.4
7503,1250.0,2.0,1.0,2.0,11.0,New Township,89.0
7504,1298.0,3.0,3.0,2.0,35.0,Old Town,71.1
7505,1203.0,2.0,2.0,0.0,34.0,Old Town,71.3
7506,1282.0,3.0,3.0,1.0,11.0,Old Town,84.4
7507,896.0,2.0,1.0,1.0,23.0,Suburb South,36.8
7508,650.0,1.0,1.0,0.0,21.0,City Centre,52.6
7509,1032.0,1.0,1.0,0.0,4.0,Suburb North,65.5
7510,1085.0,2.0,2.0,0.0,23.0,New Township,64.8
7511,1131.0,1.0,1.0,1.0,7.0,Suburb South,61.7
7512,889.0,2.0,1.0,0.0,21.0,Old Town,47.8
7513,835.0,2.0,1.0,1.0,15.0,City Centre,67.1
7514,2217.0,4.0,4.0,1.0,23.0,Near Highway,99.9
7515,1520.0,2.0,1.0,0.0,28.0,Suburb North,61.8
7516,1343.0,3.0,2.0,1.0,33.0,Suburb North,57.5
7517,1277.0,4.0,3.0,0.0,17.0,Suburb North,71.6
7518,1004.0,2.0,1.0,0.0,25.0,Suburb North,53.1
7519,1166.0,3.0,2.0,1.0,14.0,Old Town,70.9
7520,1709.0,4.0,4.0,1.0,14.0,Suburb South,83.2
7521,1640.0,3.0,2.0,2.0,21.0,City Centre,136.6
7522,1026.0,2.0,2.0,1.0,32.0,New Township,76.8
7523,1051.0,2.0,1.0,2.0,12.0,New Township,82.2
7524,1038.0,1.0,1.0,1.0,16.0,New Township,82.3
7525,984.0,2.0,2.0,0.0,5.0,City Centre,84.5
7526,1598.0,4.0,3.0,1.0,24.0,City Centre,139.2
7527,1474.0,3.0,3.0,2.0,22.0,Suburb North,75.5
7528,1336.0,2.0,1.0,2.0,24.0,Suburb North,74.1
7529,1016.0,2.0,1.0,0.0,13.0,Suburb North,54.4
7530,1770.0,2.0,2.0,0.0,7.0,New Township,136.9
7531,1224.0,3.0,3.0,0.0,33.0,Old Town,71.6
7532,574.0,1.0,1.0,0.0,16.0,New Township,33.5
7533,1775.0,4.0,3.0,1.0,6.0,Suburb South,87.1
7534,1301.0,3.0,3.0,0.0,15.0,Near Highway,58.2
7535,1017.0,2.0,1.0,0.0,29.0,New Township,61.5
7536,1797.0,4.0,3.0,0.0,,Suburb South,73.0
7537,602.0,2.0,1.0,1.0,12.0,City Centre,46.5
7538,997.0,2.0,1.0,0.0,9.0,Old Town,55.5
7539,1488.0,2.0,1.0,1.0,3.0,New Township,108.9
7540,979.0,2.0,1.0,1.0,20.0,Suburb South,43.7
7541,2232.0,4.0,4.0,2.0,27.0,Suburb South,124.5
7542,2197.0,4.0,4.0,1.0,2.0,New Township,160.8
7543,1322.0,2.0,2.0,0.0,26.0,City Centre,104.2
7544,1300.0,3.0,2.0,0.0,21.0,Suburb South,53.1
7545,2038.0,4.0,4.0,0.0,0.0,Suburb South,115.0
7546,1469.0,2.0,2.0,2.0,0.0,Suburb South,90.2
7547,891.0,1.0,1.0,1.0,19.0,City Centre,68.0
7548,1129.0,2.0,1.0,1.0,4.0,,55.3
7549,937.0,2.0,2.0,0.0,23.0,Suburb South,47.5
7550,1464.0,2.0,2.0,,17.0,Suburb North,77.2
7551,1286.0,2.0,1.0,1.0,14.0,New Township,99.1
7552,1858.0,4.0,3.0,2.0,20.0,New Township,143.1
7553,1320.0,3.0,3.0,1.0,26.0,Suburb South,62.5
7554,971.0,2.0,1.0,0.0,11.0,Suburb North,44.1
7555,874.0,3.0,2.0,0.0,16.0,City Centre,72.0
7556,1921.0,5.0,5.0,1.0,13.0,Near Highway,94.2
7557,1791.0,2.0,1.0,0.0,28.0,New Township,121.2
7558,950.0,2.0,1.0,0.0,12.0,Old Town,46.6
7559,784.0,2.0,1.0,0.0,20.0,Suburb South,28.0
7560,762.0,1.0,1.0,1.0,0.0,City Centre,74.1
7561,1644.0,3.0,3.0,2.0,8.0,Suburb North,89.7
7562,1092.0,2.0,2.0,1.0,8.0,Old Town,81.5
7563,2102.0,5.0,,,2.0,New Township,175.2
7564,1080.0,2.0,2.0,0.0,10.0,Suburb South,54.6
7565,1120.0,2.0,1.0,1.0,3.0,New Township,77.4
7566,1135.0,2.0,2.0,1.0,3.0,Near Highway,49.9
7567,1473.0,3.0,3.0,0.0,28.0,Suburb South,71.5
7568,2066.0,4.0,4.0,2.0,31.0,Near Highway,98.2
7569,924.0,1.0,1.0,1.0,24.0,Near Highway,35.2
7570,1554.0,2.0,1.0,2.0,2.0,Suburb North,90.7
7571,1869.0,3.0,2.0,2.0,0.0,Suburb North,105.6
7572,1174.0,3.0,2.0,0.0,2.0,New Township,84.8
7573,1095.0,2.0,1.0,1.0,3.0,New Township,75.6
7574,1710.0,4.0,3.0,1.0,34.0,Old Town,102.8
7575,7739.0,3.0,2.0,0.0,12.0,City Centre,374.4
7576,1133.0,2.0,1.0,2.0,30.0,New Township,83.4
7577,928.0,1.0,1.0,1.0,19.0,Near Highway,44.2
7578,1056.0,2.0,2.0,1.0,1.0,Suburb North,74.8
7579,1339.0,2.0,2.0,2.0,34.0,Suburb South,59.6
7580,1379.0,2.0,2.0,1.0,26.0,Suburb South,58.1
7581,1154.0,2.0,1.0,2.0,18.0,Suburb North,66.0
7582,1267.0,2.0,1.0,1.0,19.0,Old Town,71.1
7583,834.0,1.0,1.0,0.0,34.0,Old Town,30.7
7584,2294.0,5.0,4.0,2.0,30.0,Suburb South,118.8
7585,889.0,2.0,2.0,1.0,31.0,Near Highway,31.0
7586,1434.0,3.0,2.0,1.0,12.0,Near Highway,67.0
7587,967.0,2.0,2.0,2.0,4.0,New Township,78.3
7588,1226.0,2.0,2.0,0.0,23.0,City Centre,90.7
7589,666.0,2.0,2.0,1.0,34.0,Near Highway,15.8
7590,992.0,1.0,1.0,0.0,24.0,Suburb North,40.1
7591,842.0,1.0,1.0,2.0,9.0,New Township,68.7
7592,1343.0,2.0,2.0,2.0,31.0,Old Town,83.6
7593,1253.0,3.0,2.0,2.0,27.0,City Centre,115.5
7594,922.0,2.0,2.0,0.0,20.0,Old Town,54.8
7595,7104.0,2.0,2.0,1.0,26.0,Suburb South,116.5
7596,1373.0,2.0,2.0,1.0,33.0,Suburb South,63.4
7597,8241.0,3.0,,0.0,33.0,New Township,183.4
7598,1446.0,4.0,4.0,2.0,23.0,Near Highway,72.3
7599,1321.0,3.0,3.0,3.0,15.0,Near Highway,68.1
7600,1052.0,1.0,1.0,0.0,29.0,City Centre,79.0
7406,938.0,1.0,1.0,0.0,33.0,City Centre,67.2
7531,1224.0,3.0,3.0,0.0,33.0,Old Town,71.6
7307,1409.0,2.0,2.0,1.0,22.0,New Township,104.1
7391,1364.0,3.0,3.0,0.0,6.0,Suburb North,77.1
7147,1062.0,1.0,,2.0,31.0,New Township,71.9
7428,1351.0,2.0,2.0,1.0,11.0,City Centre,120.3
7595,7104.0,2.0,2.0,1.0,26.0,Suburb South,116.5
7125,1302.0,3.0,2.0,1.0,5.0,Suburb South,62.3
